sentence_id,value,json_path,json_key
R2_sampling,1000,docs/nn_v2/sampling_cap1000_seed22.json,/primary/cap
R2_sampling,30000,docs/nn_v2/sampling_cap1000_seed22.json,/primary/n_cells_selected
R2_sampling,30,docs/nn_v2/sampling_cap1000_seed22.json,/primary/n_donors
R2_sampling,248998,docs/nn_v2/sampling_cap1000_seed22.json,/primary/n_cells_available
R2_sampling,7,docs/nn_v2/sampling_cap1000_seed22.json,/primary/audit/two_library_donors
R2_sampling,2,docs/nn_v2/sampling_cap1000_seed22.json,/primary/audit/max_tolerance_cells
R2_reproduction,256,docs/nn_v2/sampling_cap1000_seed22.json,/reproduction/cap
R2_reproduction,7680,docs/nn_v2/sampling_cap1000_seed22.json,/reproduction/n_cells_selected
R2_fold,30000,docs/nn_v2/fold_prep_smoke.json,/n_cells_sampled
R2_fold,35477,docs/nn_v2/fold_prep_smoke.json,/n_genes_union
R2_fold,465,docs/nn_v2/fold_prep_smoke.json,/n_regions_union
R2_fold,15000,docs/nn_v2/fold_prep_smoke.json,/n_positive_labels
R2_fold,22,docs/nn_v2/fold_prep_smoke.json,/sampler_seed
R2_fold,24000,docs/nn_v2/fold_prep_smoke.json,/evidence/n_train_rows
R2_fold,6000,docs/nn_v2/fold_prep_smoke.json,/evidence/n_holdout_rows
R2_fold,2000,docs/nn_v2/fold_prep_smoke.json,/evidence/n_hvg
R2_fold,256,docs/nn_v2/fold_prep_smoke.json,/evidence/n_regions
R2_fold,4.153,docs/nn_v2/fold_prep_smoke.json,/peak_rss_gib
R2_panel,548,docs/nn_v2/gene_activity_measurement.json,/measurement/n_regions
R2_panel,11,docs/nn_v2/gene_activity_measurement.json,/acceptance/n_checks
R2_panel,548,docs/nn_v2/gene_activity_measurement.json,/acquisition/n_join_complete
R2_panel,2066087936,docs/nn_v2/gene_activity_measurement.json,/acquisition/total_bytes_fetched
R2_panel,3500000000,docs/nn_v2/gene_activity_measurement.json,/acquisition/budget_bytes
R3_regimes,16,docs/nn_v2/planted_benchmark.json,/delta_grid
R3_null,0.0,docs/nn_v2/planted_benchmark.json,/delta_grid[0]
R3_null,0.5,docs/nn_v2/planted_benchmark.json,/regime_labels/S0@0.0/mean_balanced_accuracy/cross_attention
R3_null,0.5333,docs/nn_v2/planted_benchmark.json,/regime_labels/S0@0.0/mean_balanced_accuracy/rna_atac_concat
R3_null,0.5417,docs/nn_v2/planted_benchmark.json,/regime_labels/S0@0.0/mean_balanced_accuracy/logreg_concat
R3_null,0.0417,docs/nn_v2/planted_benchmark.json,/regime_labels/S0@0.0/cross_attention_minus_best_non_attention
R3_null,0.35,docs/nn_v2/planted_benchmark.json,/acceptance_checks/s0_null_within_0p35_0p65
R3_null,0.65,docs/nn_v2/planted_benchmark.json,/acceptance_checks/s0_null_within_0p35_0p65
R3_s1,0.25,docs/nn_v2/planted_benchmark.json,/delta_grid[1]
R3_s1,0.9,docs/nn_v2/planted_benchmark.json,/acceptance_checks/s1_delta1_all_models_at_least_0p9
R3_s1,1.0,docs/nn_v2/planted_benchmark.json,/acceptance_checks/s1_delta1_min
R3_s1,0.9667,docs/nn_v2/planted_benchmark.json,/regime_labels/S1@0.25/mean_balanced_accuracy/cross_attention
R3_s1,0.0333,docs/nn_v2/planted_benchmark.json,/regime_labels/S1@0.25/cross_attention_minus_best_non_attention
R3_s5,1.0,docs/nn_v2/planted_benchmark.json,/delta_grid[15]
R3_s5,0.5417,docs/nn_v2/planted_benchmark.json,/regime_labels/S5@1.0/mean_balanced_accuracy/logreg_concat
R3_s5,0.9667,docs/nn_v2/planted_benchmark.json,/regime_labels/S5@1.0/mean_balanced_accuracy/cross_attention
R3_s5,1.0,docs/nn_v2/planted_benchmark.json,/regime_labels/S5@1.0/mean_balanced_accuracy/gated_fusion
R3_s5,0.5,docs/nn_v2/planted_benchmark.json,/acceptance_checks/s5_delta1_max_deviation
R3_s5,0.05,docs/nn_v2/planted_benchmark.json,/acceptance_checks/s5_delta1_within_0p05_of_chance
R4_match,380026,docs/nn_v2/parameter_counts.json,/counts/R3_tc_parammatched/n_params
R4_match,384250,docs/nn_v2/parameter_counts.json,/counts/R3_ca/n_params
R4_match,0.010993,docs/nn_v2/parameter_counts.json,/counts/R3_tc_parammatched/match/relative_error
R4_match,384250,docs/nn_v2/parameter_counts.json,/counts/R2_ca/n_params
R4_match,29970,docs/nn_v2/parameter_counts.json,/counts/R4_ca/n_params
R4_match,25746,docs/nn_v2/parameter_counts.json,/counts/R4_tc/n_params
R4_match,10%,docs/nn_v2/parameter_counts.json,/parameter_match_policy/accept_within_10pct
R4_match,5%,docs/nn_v2/parameter_counts.json,/parameter_match_policy/within_5pct_informational
