cell_type,n_test,genomic_mean,program_mean,genomic_std
Sst Rxfp1 Prdm8,28,0.0009,0.9991,0.0002
L5 PT ALM Npsr1,8,0.001,0.999,0.0002
Sst Tac2 Tacstd2,13,0.0012,0.9988,0.0004
L5 IT ALM Gkn1 Pcdh19,43,0.0012,0.9988,0.0004
L5 NP ALM Trhr Nefl,41,0.0013,0.9987,0.0006
L5 PT ALM Slco2a1,40,0.0013,0.9987,0.0006
Sst Rxfp1 Eya1,11,0.0013,0.9987,0.0005
L5 PT ALM Hpgd,24,0.0016,0.9984,0.0006
Lamp5 Fam19a1 Tmem182,21,0.0016,0.9984,0.0007
L5 IT ALM Cpa6 Gpr88,21,0.0017,0.9983,0.0008
L6 IT ALM Tgfb1,39,0.0018,0.9982,0.0009
Pvalb Akr1c18 Ntf3,12,0.0019,0.9981,0.001
Sst Myh8 Etv1,17,0.0019,0.9981,0.0005
L5 IT ALM Tmem163 Arhgap25,14,0.0019,0.9981,0.0005
L6b ALM Olfr111 Spon1,9,0.002,0.998,0.0007
Sst Tac2 Myh4,13,0.002,0.998,0.0009
Pvalb Th Sst,11,0.0025,0.9975,0.0015
L6b ALM Olfr111 Nxph1,10,0.0026,0.9974,0.0008
Lamp5 Fam19a1 Pax6,14,0.0028,0.9972,0.0017
L6 CT ALM Nxph2 Sla,15,0.003,0.997,0.0035
Sst Esm1,23,0.003,0.997,0.002
Vip Lmo1 Fam159b,21,0.0031,0.9969,0.0024
L6b Hsd17b2,3,0.0031,0.9969,0.001
Lamp5 Ntn1 Npy2r,52,0.0032,0.9968,0.0022
L6 CT ALM Cpa6,41,0.0033,0.9967,0.0014
Pvalb Sema3e Kank4,12,0.0034,0.9966,0.0017
L6b VISp Col8a1 Rxfp1,11,0.0034,0.9966,0.0018
L6 NP ALM Trh,39,0.0034,0.9966,0.0016
L6b VISp Col8a1 Rprm,21,0.0035,0.9965,0.0027
L6b P2ry12,11,0.0035,0.9965,0.0009
L6b VISp Crh,8,0.0038,0.9962,0.0028
L6b VISp Mup5,22,0.004,0.996,0.0021
Sst Myh8 Fibin,19,0.0041,0.9959,0.0021
Sst Nr2f2 Necab1,12,0.0043,0.9957,0.004
Vip Gpc3 Slc18a3,24,0.0044,0.9956,0.0023
Sst Chrna2 Glra3,96,0.0047,0.9953,0.0048
Lamp5 Krt73,13,0.0047,0.9953,0.0011
L5 IT ALM Tmem163 Dmrtb1,42,0.0048,0.9952,0.0032
L5 IT ALM Cbln4 Fezf2,69,0.0048,0.9952,0.0032
Sst Chodl,29,0.0048,0.9952,0.0072
Pvalb Gabrg1,24,0.0049,0.9951,0.0023
Vip Lmo1 Myl1,25,0.0049,0.9951,0.0032
Sst Crh 4930553C11Rik,17,0.0049,0.9951,0.0042
Sncg Vip Nptx2,13,0.0052,0.9948,0.0015
Vip Ptprt Pkp2,67,0.0056,0.9944,0.0031
Sst Nts,7,0.0056,0.9944,0.0056
L6 IT ALM Oprk1,28,0.0056,0.9944,0.0029
Lamp5 Lsp1,156,0.0057,0.9943,0.0038
Serpinf1 Clrn1,7,0.0059,0.9941,0.0019
L5 NP VISp Trhr Met,34,0.006,0.994,0.0055
L5 IT ALM Tnc,132,0.006,0.994,0.0025
L2/3 IT ALM Macc1 Lrg1,14,0.0062,0.9938,0.0027
Sncg Vip Itih5,16,0.0062,0.9938,0.0017
L6 CT VISp Gpr139,13,0.0067,0.9933,0.0045
L5 IT VISp Col27a1,23,0.0067,0.9933,0.0027
Sst Crhr2 Efemp1,22,0.0068,0.9932,0.0039
Pvalb Calb1 Sst,21,0.0073,0.9927,0.0032
Sncg Gpr50,9,0.0073,0.9927,0.0018
Sst Chrna2 Ptgdr,38,0.0075,0.9925,0.0054
L6 CT VISp Krt80 Sla,42,0.0075,0.9925,0.0054
L5 IT VISp Col6a1 Fezf2,9,0.0077,0.9923,0.0059
Sst Mme Fam114a1,11,0.0077,0.9923,0.0053
Vip Rspo4 Rxfp1 Chat,20,0.0078,0.9922,0.0062
L5 PT VISp C1ql2 Ptgfr,20,0.0082,0.9918,0.005
Lamp5 Plch2 Dock5,99,0.0083,0.9917,0.0064
Lamp5 Lhx6,14,0.0084,0.9916,0.003
L5 IT ALM Pld5,68,0.0091,0.9909,0.0044
L5 PT VISp C1ql2 Cdh13,21,0.0091,0.9909,0.0054
L5 IT ALM Lypd1 Gpr88,34,0.0093,0.9907,0.0072
Vip Arhgap36 Hmcn1,54,0.0094,0.9906,0.0052
Serpinf1 Aqp5 Vip,10,0.0096,0.9904,0.0062
Sncg Slc17a8,13,0.0099,0.9901,0.002
L5 IT VISp Batf3,79,0.01,0.99,0.0022
Sst Calb2 Necab1,14,0.0102,0.9898,0.0078
Vip Igfbp6 Car10,25,0.0104,0.9896,0.0093
L2/3 IT ALM Sla,19,0.0105,0.9895,0.005
Sst Tac1 Htr1d,34,0.0107,0.9893,0.0089
L6 CT VISp Nxph2 Wls,16,0.0111,0.9889,0.0072
Sst Calb2 Pdlim5,44,0.0111,0.9889,0.0058
Vip Pygm C1ql1,43,0.0112,0.9888,0.0063
L5 PT VISp Krt80,43,0.0114,0.9886,0.0076
Sst Hpse Cbln4,12,0.0117,0.9883,0.0077
Pvalb Vipr2,17,0.0122,0.9878,0.0066
L5 NP VISp Trhr Cpne7,33,0.0127,0.9873,0.0115
Pvalb Tpbg,120,0.0133,0.9867,0.0056
L5 PT VISp Lgr5,4,0.0136,0.9864,0.0128
L5 IT VISp Whrn Tox2,13,0.014,0.986,0.0045
Vip Rspo1 Itga4,20,0.0168,0.9832,0.0177
L5 IT ALM Npw,9,0.0177,0.9823,0.0132
L5 PT VISp Chrna6,18,0.0178,0.9822,0.0051
Pvalb Reln Tac1,150,0.0188,0.9812,0.0124
L6 IT VISp Col23a1 Adamts2,75,0.0194,0.9806,0.0099
L6 CT VISp Ctxn3 Sla,63,0.0197,0.9803,0.011
Vip Igfbp4 Mab21l1,15,0.0202,0.9798,0.0125
L2/3 IT ALM Ptrf,8,0.0204,0.9796,0.0094
Vip Lect1 Oxtr,37,0.0209,0.9791,0.0118
Vip Chat Htr1f,53,0.0228,0.9772,0.0148
Pvalb Gpr149 Islr,36,0.0231,0.9769,0.0188
L6 IT VISp Penk Col27a1,207,0.0234,0.9766,0.0152
Vip Col15a1 Pde1a,11,0.0261,0.9739,0.0332
L6 CT VISp Ctxn3 Brinp3,55,0.0273,0.9727,0.0177
Sst Hpse Sema3c,39,0.0303,0.9697,0.0122
L5 IT VISp Hsd11b1 Endou,40,0.0306,0.9694,0.0128
Vip Crispld2 Kcne4,38,0.0325,0.9675,0.0171
L6 IT VISp Col18a1,33,0.0352,0.9648,0.0241
Pvalb Reln Itm2a,11,0.0362,0.9638,0.0107
Vip Igfbp6 Pltp,38,0.0494,0.9506,0.0353
Sst Tac1 Tacr3,10,0.0522,0.9478,0.0159
L6 IT VISp Penk Fst,39,0.0591,0.9409,0.0398
Vip Crispld2 Htr2c,45,0.0608,0.9392,0.0306
L4 IT VISp Rspo1,271,0.0625,0.9375,0.0189
L2/3 IT VISp Agmat,132,0.0658,0.9342,0.0369
L2/3 IT VISp Adamts2,41,0.0913,0.9087,0.0293
L6 IT VISp Car3,15,0.1033,0.8967,0.0198
L2/3 IT VISp Rrad,21,0.132,0.868,0.0186
Oligo Serpinb1a,17,0.2201,0.7799,0.011
Oligo Synpr,7,0.2454,0.7546,0.0061
Meis2 Adamts19,11,0.3027,0.6973,0.211
Oligo Rassf10,3,0.4393,0.5607,0.1613
PVM Mrc1,5,0.4745,0.5255,0.024
VLMC Spp1 Col15a1,8,0.752,0.248,0.0158
CR Lhx5,3,0.8237,0.1763,0.0497
Microglia Siglech,21,0.8364,0.1636,0.018
VLMC Osr1 Mc5r,15,0.8501,0.1499,0.031
OPC Pdgfra Grm5,10,0.9158,0.0842,0.0238
Peri Kcnj8,6,0.943,0.057,0.0407
VLMC Osr1 Cd74,2,0.9445,0.0555,0.022
Endo Ctla2a,32,0.9566,0.0434,0.0156
SMC Acta2,22,0.9618,0.0382,0.0072
Astro Aqp4,111,0.9904,0.0096,0.002
