region	rows	unique_barcodes	n_in_allowlist	bytes_fetched	requests
chr17:43251255-43252151	7442	7080	7080	8650752	33
chr10:39986057-39986952	825	774	774	1835008	7
chr17:25919765-25920664	1432	1278	1278	3932160	15
chr17:43251255-43252152	7442	7080	7080	8650752	33
chr17:46361410-46362307	2260	2240	2240	4980736	19
chr1:3624427-3625342	83038	36625	36625	8650752	33
chr1:148388442-148389311	22006	13230	13230	4718592	18
chr10:39986057-39986953	825	774	774	1835008	7
chr11:61332764-61333662	33560	17678	17678	7340032	28
chr11:64878267-64879183	63186	49395	49395	3407872	13
chr11:119709403-119710322	27364	19456	19456	7602176	29
chr12:113220848-113221753	48420	39026	39026	3145728	12
chr16:234379-235262	30460	24603	24603	12845056	49
chr16:72664580-72665469	22223	19741	19741	4980736	19
chr17:25919760-25920660	1432	1278	1278	3932160	15
chr17:25919761-25920661	1432	1278	1278	3932160	15
chr17:25919763-25920663	1432	1278	1278	3932160	15
chr17:43251254-43252151	7442	7080	7080	8650752	33
chr17:43251256-43252152	7442	7080	7080	8650752	33
chr17:81238732-81239645	73775	44338	44338	13631488	52
chr17:81481084-81481995	51602	31659	31659	5242880	20
chr18:57621451-57622356	26068	22544	22544	3145728	12
chr19:6424686-6425606	124675	75698	75698	11534336	44
chr21:5128020-5128918	4838	4706	4706	2621440	10
chr3:93470145-93471055	1022720	159410	159410	14155776	54
chr8:73878465-73879346	44696	23082	23082	7340032	28
chr8:93754441-93755326	19199	17315	17315	8388608	32
chr9:122264362-122265282	17796	16021	16021	3670016	14
chr9:126914364-126915232	60179	22193	22193	9699328	37
GL000195.1:71011-71905	3697	3512	3512	1310720	5
GL000205.2:140316-141194	17916	16396	16396	524288	2
GL000218.1:44676-45659	298	292	292	262144	1
GL000219.1:99240-100171	17280	15094	15094	524288	2
chr1:778269-779180	37393	32103	32103	8912896	34
chr1:827052-827923	5385	5116	5116	9699328	37
chr1:1304388-1305286	25142	21661	21661	11534336	44
chr1:1398988-1399901	56341	36568	36568	11010048	42
chr1:1406857-1407765	19691	17756	17756	11010048	42
chr1:1406859-1407769	19728	17782	17782	11010048	42
chr1:1574389-1575285	56948	32448	32448	12320768	47
chr1:1658659-1659567	41975	20946	20946	9437184	36
chr1:2381463-2382353	18594	5831	5831	13369344	51
chr1:2391233-2392150	38800	32091	32091	13369344	51
chr1:3490990-3491897	20176	9298	9298	8650752	33
chr1:3772094-3772987	29808	8909	8909	7340032	28
chr1:6579473-6580374	33222	28426	28426	11534336	44
chr1:6579479-6580393	33345	28500	28500	11534336	44
chr1:7704215-7705097	54898	43890	43890	6029312	23
chr1:8917874-8918748	5736	2773	2773	11010048	42
chr1:9428569-9429481	33866	29300	29300	7340032	28
chr1:9852166-9853048	15769	7639	7639	12320768	47
chr1:9942913-9943768	23755	12500	12500	8912896	34
chr1:10032457-10033343	85872	42598	42598	9961472	38
chr1:10472069-10472929	30076	13634	13634	6291456	24
chr1:11383589-11384500	10985	9996	9996	7077888	27
chr1:11805669-11806580	47418	35854	35854	11272192	43
chr1:13699842-13700758	27908	12610	12610	9175040	35
chr1:15603191-15604077	28245	24711	24711	7077888	27
chr1:15617004-15617875	19523	16985	16985	6815744	26
chr1:15834352-15835158	44893	30621	30621	8650752	33
chr1:16904559-16905453	56153	44154	44154	11010048	42
chr1:16913621-16914541	48637	31768	31768	12845056	49
chr1:16913643-16914554	48514	31744	31744	12845056	49
chr1:19251227-19252141	41132	18167	18167	7864320	30
chr1:20385393-20386159	17976	8261	8261	9175040	35
chr1:20386530-20387406	24535	17066	17066	9175040	35
chr1:20507691-20508580	26306	14671	14671	7077888	27
chr1:21345109-21346024	35682	29499	29499	6815744	26
chr1:21620182-21621050	11010	5108	5108	5505024	21
chr1:23098493-23099375	6782	3223	3223	9961472	38
chr1:23168387-23169218	33116	16130	16130	7340032	28
chr1:23368094-23368826	63854	32868	32868	8650752	33
chr1:24415275-24416153	28288	16371	16371	6291456	24
chr1:25239552-25240455	10344	9447	9447	11010048	42
chr1:25247096-25248017	28755	24586	24586	10747904	41
chr1:26431749-26432662	42363	35303	35303	9437184	36
chr1:26692190-26692580	19431	6111	6111	9699328	37
chr1:26864727-26865639	29902	22825	22825	6815744	26
chr1:26899982-26900896	16873	15396	15396	8912896	34
chr1:26899985-26900877	16832	15366	15366	8912896	34
chr1:27154642-27155518	30060	14604	14604	7077888	27
chr1:27300452-27301340	15112	13459	13459	11272192	43
chr1:27725359-27726262	59155	46275	46275	7864320	30
chr1:28235633-28236518	28372	24771	24771	6029312	23
chr1:28246857-28247765	67573	21299	21299	6029312	23
chr1:28328519-28329420	33917	15267	15267	11272192	43
chr1:28328522-28329432	33979	15293	15293	11272192	43
chr1:28642680-28643595	22355	19606	19606	9175040	35
chr1:28642682-28643600	22368	19612	19612	9175040	35
chr1:28914069-28914936	28317	24270	24270	6029312	23
chr1:30717973-30718905	48659	37732	37732	8388608	32
chr1:30885463-30886352	28110	5163	5163	6553600	25
chr1:31227616-31228521	9231	8417	8417	5767168	22
chr1:33180456-33181361	15698	7244	7244	5505024	21
chr1:33430654-33431493	25394	22275	22275	6815744	26
chr1:34984817-34985669	4029	3794	3794	7602176	29
chr1:35641101-35642023	20285	18146	18146	6291456	24
chr1:36450082-36450995	38926	24759	24759	9699328	37
chr1:37514313-37515198	12793	11404	11404	7602176	29
chr1:37690144-37691036	38609	20946	20946	7077888	27
chr1:37807815-37808698	26273	22639	22639	10223616	39
chr1:37931380-37932225	60530	19474	19474	9961472	38
chr1:37946603-37947454	5286	4949	4949	8912896	34
chr1:38012177-38013078	65903	36130	36130	11534336	44
chr1:38046547-38047411	45537	29097	29097	10485760	40
chr1:38859381-38860284	50292	34950	34950	8650752	33
chr1:40160915-40161791	32286	27905	27905	5767168	22
chr1:40449715-40450565	23760	20461	20461	5505024	21
chr1:41371939-41372807	55544	6395	6395	7077888	27
chr1:41474366-41475271	24749	11248	11248	6291456	24
chr1:42334817-42335681	32454	21954	21954	6291456	24
chr1:42681939-42682736	79363	36477	36477	7077888	27
chr1:42766692-42767600	48502	29690	29690	7077888	27
chr1:43969436-43970339	32158	20037	20037	6291456	24
chr1:44354844-44355721	47825	25990	25990	7077888	27
chr1:44674035-44674915	58048	39615	39615	5505024	21
chr1:45499725-45500633	14635	13108	13108	7602176	29
chr1:45550379-45551302	32010	14435	14435	6553600	25
chr1:48947907-48948806	11254	5208	5208	3670016	14
chr1:50023463-50024338	7357	6807	6807	2883584	11
chr1:50214442-50215310	10256	4740	4740	4456448	17
chr1:52404058-52404945	21012	18739	18739	3932160	15
chr1:54474538-54475320	9803	4707	4707	4194304	16
chr1:54764199-54765091	37233	31102	31102	6553600	25
chr1:54764206-54765120	37283	31143	31143	6553600	25
chr1:54886839-54887740	93499	28488	28488	6553600	25
chr1:55067153-55068028	23397	7182	7182	6291456	24
chr1:59296378-59297279	25240	21639	21639	6029312	23
chr1:60234565-60235397	11368	5140	5140	6029312	23
chr1:60934775-60935700	5889	5413	5413	6553600	25
chr1:61077666-61078526	16873	15242	15242	6029312	23
chr1:61198314-61199222	13343	12076	12076	5242880	20
chr1:61724711-61725640	19654	9056	9056	3145728	12
chr1:62436105-62436999	69536	47911	47911	6553600	25
chr1:70205193-70206102	28783	16023	16023	5242880	20
chr1:70672281-70673194	5240	2501	2501	6815744	26
chr1:73832146-73833061	8688	7913	7913	5767168	22
chr1:76074286-76075142	13970	12510	12510	6815744	26
chr1:84582957-84583845	10296	4811	4811	6815744	26
chr1:88992461-88993357	56169	37877	37877	3670016	14
chr1:89994714-89995596	37114	25289	25289	3932160	15
chr1:90854185-90855093	5994	2790	2790	4718592	18
chr1:91404112-91405018	10533	9599	9599	5505024	21
chr1:93078734-93079634	42832	20270	20270	7077888	27
chr1:93878756-93879648	17684	15877	15877	7077888	27
chr1:100362627-100363531	2998	2831	2831	5242880	20
chr1:100895606-100896457	22403	10476	10476	6553600	25
chr1:108691914-108692766	46104	20829	20829	4194304	16
chr1:109099747-109100596	18258	16261	16261	11272192	43
chr1:109099824-109100634	18516	16462	16462	11272192	43
chr1:109984274-109985150	41983	27518	27518	9699328	37
chr1:112390576-112391474	5195	4879	4879	6291456	24
chr1:113811955-113812818	43521	28060	28060	5767168	22
chr1:117605479-117606362	37470	16631	16631	4980736	19
chr1:125181130-125182104	312	304	304	524288	2
chr1:145927081-145927979	28343	24747	24747	11010048	42
chr1:145996263-145997154	29436	25619	25619	6291456	24
chr1:145996268-145997160	29444	25627	25627	6291456	24
chr1:147927989-147928869	19870	9383	9383	4980736	19
chr1:148388443-148389329	22017	13240	13240	4718592	18
chr1:149886339-149887211	56218	44759	44759	5242880	20
chr1:149887722-149888525	41201	34144	34144	5242880	20
chr1:149927463-149928317	14666	13231	13231	3670016	14
chr1:150213255-150214163	14700	13397	13397	7340032	28
chr1:150281967-150282880	49163	30741	30741	5767168	22
chr1:150321075-150321964	20964	13121	13121	4718592	18
chr1:150629009-150629959	95095	63239	63239	7077888	27
chr1:150925846-150926745	30456	16473	16473	4456448	17
chr1:151281698-151282462	63154	48294	48294	10485760	40
chr1:151763026-151763925	12768	11601	11601	5242880	20
chr1:151909114-151909998	12856	5921	5921	4456448	17
chr1:153963162-153964073	81499	21710	21710	6291456	24
chr1:154220317-154221217	59893	46706	46706	8126464	31
chr1:154220326-154221223	59778	46642	46642	8126464	31
chr1:154479574-154480452	2770	2673	2673	6553600	25
chr1:154869885-154870730	20925	18346	18346	6815744	26
chr1:154982783-154983690	56620	26203	26203	6553600	25
chr1:155244306-155245222	45906	36699	36699	12582912	48
chr1:155910865-155911669	25217	11528	11528	9699328	37
chr1:155934022-155934927	40013	23536	23536	8650752	33
chr1:156020488-156021327	21088	12964	12964	8126464	31
chr1:156601078-156602001	17134	7956	7956	6029312	23
chr1:159207577-159208467	14991	4757	4757	3670016	14
chr1:159780442-159781322	23408	20533	20533	8912896	34
chr1:161132224-161133161	33837	17480	17480	10485760	40
chr1:161159041-161159940	17981	13573	13573	9699328	37
chr1:161201821-161202731	27717	23889	23889	6815744	26
chr1:161258392-161259219	6411	6023	6023	6291456	24
chr1:169485579-169486445	36891	30848	30848	7077888	27
chr1:169794449-169795362	8490	7827	7827	4980736	19
chr1:181142151-181143027	21082	9702	9702	6815744	26
chr1:183022876-183023779	20279	17403	17403	4718592	18
chr1:185315878-185316740	25773	22486	22486	4718592	18
chr1:185316991-185317819	30758	26331	26331	4718592	18
chr1:193059059-193059927	22263	19395	19395	5767168	22
chr1:194940226-194941148	8066	3644	3644	4456448	17
chr1:198530755-198531628	9646	4489	4489	3407872	13
chr1:198929831-198930719	7308	3499	3499	2621440	10
chr1:201650068-201650952	19490	17183	17183	9961472	38
chr1:202009321-202010206	3304	3135	3135	7340032	28
chr1:203651595-203652466	1918	1843	1843	7602176	29
chr1:204411465-204412346	55578	34588	34588	7077888	27
chr1:205524015-205524928	10472	4962	4962	9699328	37
chr1:206202737-206203620	26870	24034	24034	3932160	15
chr1:207977684-207978416	1942	1867	1867	7077888	27
chr1:208243949-208244799	24487	16658	16658	6553600	25
chr1:209784152-209785065	27087	23459	23459	8388608	32
chr1:214602697-214603590	42627	20240	20240	5767168	22
chr1:223992227-223993116	32807	28599	28599	3145728	12
chr1:225427707-225428595	97878	32816	32816	2883584	11
chr1:228082169-228083076	79628	30716	30716	15204352	58
chr1:228306622-228307488	13734	4212	4212	11534336	44
chr1:228457504-228458391	48967	39812	39812	4194304	16
chr1:228464308-228465209	22878	18948	18948	12582912	48
chr1:231528075-231528999	19651	17333	17333	3932160	15
chr1:231855634-231856520	7730	3559	3559	4194304	16
chr1:235504180-235505065	59264	33121	33121	5505024	21
chr1:235866602-235867504	38970	32188	32188	4980736	19
chr1:236604159-236605060	14381	13073	13073	6029312	23
chr1:243101296-243102166	2693	2593	2593	1310720	5
chr1:244047930-244048842	69292	52318	52318	3407872	13
chr1:244461005-244461910	5501	5108	5108	5505024	21
chr1:246565928-246566838	21297	18558	18558	6553600	25
chr1:248858583-248859456	65309	18625	18625	2359296	9
chr10:987895-988796	49625	27504	27504	7602176	29
chr10:1048692-1049615	93700	54961	54961	12582912	48
chr10:4825822-4826670	25723	11598	11598	6553600	25
chr10:6163315-6164220	46234	22586	22586	8650752	33
chr10:13161022-13161929	29073	25122	25122	6553600	25
chr10:14603947-14604780	20573	17865	17865	5505024	21
chr10:16817111-16818017	65928	29887	29887	11010048	42
chr10:22315933-22316837	27593	23892	23892	8650752	33
chr10:22315942-22316838	27592	23892	23892	8650752	33
chr10:22475742-22476636	19118	9081	9081	7602176	29
chr10:23065291-23066183	3163	2990	2990	3145728	12
chr10:23192610-23193515	4045	3790	3790	5242880	20
chr10:24724295-24725163	61412	33281	33281	7602176	29
chr10:27242924-27243620	8260	7628	7628	4718592	18
chr10:29735330-29736063	14448	12745	12745	5767168	22
chr10:30781370-30782289	21778	12611	12611	5505024	21
chr10:31157370-31158269	8511	7690	7690	4194304	16
chr10:32377218-32377946	4744	4547	4547	4718592	18
chr10:36802310-36803207	9399	8516	8516	5242880	20
chr10:39986056-39986949	825	774	774	1835008	7
chr10:39986057-39986951	825	774	774	1835008	7
chr10:39986057-39986954	825	774	774	1835008	7
chr10:39986058-39986949	825	774	774	1835008	7
chr10:41874916-41875781	15678	4209	4209	2883584	11
chr10:41879008-41879902	1420	1228	1228	2097152	8
chr10:43322510-43323421	39799	19547	19547	7340032	28
chr10:43689836-43690734	20929	9347	9347	6553600	25
chr10:45672325-45673238	14357	12850	12850	5767168	22
chr10:58384883-58385784	13951	12448	12448	3407872	13
chr10:63132834-63133711	37449	17534	17534	4718592	18
chr10:68988326-68989201	19062	17066	17066	8388608	32
chr10:72354417-72355320	67044	31382	31382	10223616	39
